"year","s_theft","s_income","s_unemployment","s_low_income","s_housing"
2020,0.072522758320581,0.192772981442792,0.471751675353686,0.348383129195921,0.257095072566969
2021,0.0847642410310314,0.192772981442792,0.471751675353686,0.348383129195921,0.257095072566969
2022,0.130401766555408,0.192772981442792,0.471751675353686,0.348383129195921,0.257095072566969
2023,0.164807247011822,0.192772981442792,0.471751675353686,0.348383129195921,0.257095072566969
2024,0.122602518516126,0.192772981442792,0.471751675353686,0.348383129195921,0.257095072566969
2025,0.0894716894888994,0.192772981442792,0.471751675353686,0.348383129195921,0.257095072566969
